name,wk1,wk2,wk3,wk4,strikes
AJ Buck,PIT,CAR,SEA,MIN,1
Aryaman Malliwal,DET,TB,SEA,BAL,2
Austin Thayer,JAX,TB,GB,BUF,3
Chad Dunwoody,JAX,TB,KC,MIN,1
Drew Wickham,LV,PHI,KC,MIN,0
Geoff Salmon,LAC,SF,DET,MIN,1
Grant Gillis,JAX,TB,KC,BAL,1
Hayden Kuxhausen,LAC,TB,KC,BAL,2
Ishaan Desai,LAC,SF,KC,BAL,1
Jacob Harper,CHI,NE,BUF,MIN,0
Joel Deininger,JAX,TB,KC,BAL,1
John (Jack) Murray,CHI,GB,KC,BUF,1
Keith Kelley,JAX,TB,KC,PIT,2
Maxx Wickham,LAC,PHI,NO,DAL,2
Nathan Mehringer,JAX,PHI,KC,BAL,0
Ricky McGowen,JAX,PHI,KC,BAL,0
Robert Porter,JAX,SF,KC,MIN,0
Skyler Springmeyer,TEN,TB,IND,NO,3
Tony Bisesi,LAC,SF,KC,BAL,1
Will Miller,PIT,TB,KC,BAL,1
