week,away,away_pts,home,home_pts,winner,date,note
1,NE,10,SEA,13,SEA,2026-09-09,Wednesday opener
1,SF,27,LAR,7,SF,2026-09-10,played in Australia
1,NYJ,23,TEN,10,NYJ,2026-09-13,upset; TEN was -1.5
1,BUF,36,HOU,31,BUF,2026-09-13,
1,CHI,59,CAR,37,CHI,2026-09-13,96 combined points
1,CLE,10,JAX,34,JAX,2026-09-13,Lawrence 4 TD
1,ATL,13,PIT,20,PIT,2026-09-13,
1,BAL,41,IND,23,BAL,2026-09-13,Henry 144 yds 3 TD
1,TB,27,CIN,33,CIN,2026-09-13,
1,NO,30,DET,31,DET,2026-09-13,OT; DET blew 21-0 lead
1,MIA,13,LV,27,LV,2026-09-13,
1,ARI,26,LAC,14,ARI,2026-09-13,upset; LAC was -10
1,GB,22,MIN,39,MIN,2026-09-13,MIN 22 pts in Q4
1,WAS,22,PHI,24,PHI,2026-09-13,
1,DAL,20,NYG,28,NYG,2026-09-13,upset; DAL was -3
1,DEN,10,KC,31,KC,2026-09-14,Monday
