team,1,2,3,4,5,6,7,8,9,10,11,12,13,14,15,16,17,18
LAR,64,79,60,56,64,89,78,67,67,84,,68,69,57,71,50,64,63
BUF,51,60,61,63,36,74,,50,62,74,87,60,52,48,64,54,77,85
SF,36,85,85,58,34,70,67,,60,47,66,51,60,43,41,40,62,76
KC,58,74,77,69,,57,40,47,82,64,85,46,31,49,62,45,47,81
SEA,64,82,63,62,66,43,60,69,87,74,,49,69,78,49,60,50,37
LAC,84,79,39,38,59,43,,33,57,40,82,60,39,59,59,76,53,47
NE,36,69,47,37,79,81,47,75,53,46,,40,40,70,38,71,57,82
BAL,63,77,56,79,65,71,65,42,65,65,49,70,,60,82,55,47,72
GB,48,69,77,52,62,43,77,67,46,41,,65,52,84,49,66,56,50
DET,75,40,81,61,78,,57,69,73,54,67,57,59,79,56,71,49,44
DEN,42,59,46,42,41,47,76,53,53,,56,53,82,67,64,46,43,53
CIN,62,55,53,58,71,,76,66,67,52,73,65,61,62,52,52,52,79
DAL,58,65,44,42,64,38,38,83,50,53,76,53,31,,22,62,55,51
PHI,66,45,47,44,54,74,62,57,70,,73,47,78,70,51,56,38,59
CHI,58,65,53,79,38,61,53,31,64,,72,43,62,69,36,51,51,52
JAX,70,41,43,46,55,66,,33,62,51,71,34,64,38,43,60,60,50
HOU,49,56,52,62,50,72,43,,65,63,53,52,52,63,44,40,79,76
TB,35,72,55,48,36,53,53,67,56,,65,33,34,61,54,55,52,52
MIN,52,35,45,78,51,,58,31,44,33,34,67,46,30,44,54,73,48
NYG,42,21,62,74,44,59,28,,30,52,46,22,69,29,33,51,51,43
IND,37,26,48,51,45,67,42,34,50,75,33,60,,30,52,48,51,50
NO,25,23,64,55,49,41,45,,67,57,28,27,35,44,33,70,43,48
PIT,61,31,47,58,58,61,55,70,,33,27,44,49,46,63,51,20,55
WAS,33,33,37,49,56,30,,33,48,40,65,52,48,66,46,49,40,49
LV,64,21,36,31,21,45,40,20,26,46,38,36,,33,34,32,30,19
CAR,42,46,56,39,,44,47,23,44,43,33,36,36,56,34,30,30,57
NYJ,43,31,19,40,56,11,58,52,26,18,40,33,,29,43,46,33,15
TEN,57,34,38,21,38,33,60,24,,38,24,29,48,21,48,47,49,25
ATL,39,54,23,45,33,56,51,47,26,38,,52,34,49,59,47,55,43
CLE,22,28,44,42,44,39,40,33,54,33,,40,31,18,29,25,24,21
ARI,16,18,15,26,22,11,24,17,31,20,39,34,27,,20,34,24,24
MIA,36,13,46,23,29,,42,25,24,61,13,52,18,31,16,24,24,18
